<?xml version="1.0" encoding="UTF-8"?>
<project-private xmlns="http://www.netbeans.org/ns/project-private/1">
    <editor-bookmarks xmlns="http://www.netbeans.org/ns/editor-bookmarks/2" lastBookmarkId="0"/>
    <open-files xmlns="http://www.netbeans.org/ns/projectui-open-files/2">
        <group>
            <file>file:/C:/Users/conan/OneDrive/Escritorio/BLOCKBUSTEC/src/proyecto/Registro.java</file>
            <file>file:/C:/Users/conan/OneDrive/Escritorio/BLOCKBUSTEC/src/proyecto/AdminPeliculas.java</file>
            <file>file:/C:/Users/conan/OneDrive/Escritorio/BLOCKBUSTEC/src/proyecto/AdminUsuarios.java</file>
            <file>file:/C:/Users/conan/OneDrive/Escritorio/BLOCKBUSTEC/src/proyecto/AdminRentas.java</file>
            <file>file:/C:/Users/conan/OneDrive/Escritorio/BLOCKBUSTEC/src/proyecto/Comprobante.java</file>
            <file>file:/C:/Users/conan/OneDrive/Escritorio/BLOCKBUSTEC/src/proyecto/AdminCobro.java</file>
            <file>file:/C:/Users/conan/OneDrive/Escritorio/BLOCKBUSTEC/src/proyecto/CatalogoPeliculas.java</file>
            <file>file:/C:/Users/conan/OneDrive/Escritorio/BLOCKBUSTEC/src/proyecto/AdminPanel.java</file>
        </group>
    </open-files>
</project-private>
