<?xml version="1.0" encoding="UTF-8"?>
<project-private xmlns="http://www.netbeans.org/ns/project-private/1">
    <editor-bookmarks xmlns="http://www.netbeans.org/ns/editor-bookmarks/2" lastBookmarkId="0"/>
    <open-files xmlns="http://www.netbeans.org/ns/projectui-open-files/2">
        <group>
            <file>file:/C:/Users/emili/OneDrive/Desktop/Topicos/BLOCKBUSTEC%20(6)/BLOCKBUSTECc/src/proyecto/MenuPrincipal.java</file>
            <file>file:/C:/Users/emili/OneDrive/Desktop/Topicos/BLOCKBUSTEC%20(6)/BLOCKBUSTECc/src/proyecto/Sesion.java</file>
            <file>file:/C:/Users/emili/OneDrive/Desktop/Topicos/BLOCKBUSTEC%20(6)/BLOCKBUSTECc/src/proyecto/AdminCobro.java</file>
            <file>file:/C:/Users/emili/OneDrive/Desktop/Topicos/BLOCKBUSTEC%20(6)/BLOCKBUSTECc/src/proyecto/Listaroles.java</file>
            <file>file:/C:/Users/emili/OneDrive/Desktop/Topicos/BLOCKBUSTEC%20(6)/BLOCKBUSTECc/src/proyecto/Genero.java</file>
            <file>file:/C:/Users/emili/OneDrive/Desktop/Topicos/BLOCKBUSTEC%20(6)/BLOCKBUSTECc/src/proyecto/Ticket.java</file>
            <file>file:/C:/Users/emili/OneDrive/Desktop/Topicos/BLOCKBUSTEC%20(6)/BLOCKBUSTECc/src/proyecto/RecuperarContra.java</file>
            <file>file:/C:/Users/emili/OneDrive/Desktop/Topicos/BLOCKBUSTEC%20(6)/BLOCKBUSTECc/src/proyecto/AdminPeliculas.java</file>
            <file>file:/C:/Users/emili/OneDrive/Desktop/Topicos/BLOCKBUSTEC%20(6)/BLOCKBUSTECc/src/proyecto/Login.java</file>
            <file>file:/C:/Users/emili/OneDrive/Desktop/Topicos/BLOCKBUSTEC%20(6)/BLOCKBUSTECc/src/proyecto/Observaciones.java</file>
            <file>file:/C:/Users/emili/OneDrive/Desktop/Topicos/BLOCKBUSTEC%20(6)/BLOCKBUSTECc/src/proyecto/Rol.java</file>
            <file>file:/C:/Users/emili/OneDrive/Desktop/Topicos/BLOCKBUSTEC%20(6)/BLOCKBUSTECc/src/proyecto/AdminRentas.java</file>
            <file>file:/C:/Users/emili/OneDrive/Desktop/Topicos/BLOCKBUSTEC%20(6)/BLOCKBUSTECc/src/proyecto/Comprobante.java</file>
            <file>file:/C:/Users/emili/OneDrive/Desktop/Topicos/BLOCKBUSTEC%20(6)/BLOCKBUSTECc/src/proyecto/HistorialRentas.java</file>
            <file>file:/C:/Users/emili/OneDrive/Desktop/Topicos/BLOCKBUSTEC%20(6)/BLOCKBUSTECc/src/proyecto/RentarPeliculas.java</file>
            <file>file:/C:/Users/emili/OneDrive/Desktop/Topicos/BLOCKBUSTEC%20(6)/BLOCKBUSTECc/src/proyecto/Registro.java</file>
            <file>file:/C:/Users/emili/OneDrive/Desktop/Topicos/BLOCKBUSTEC%20(6)/BLOCKBUSTECc/src/proyecto/PanelPeliculas.java</file>
            <file>file:/C:/Users/emili/OneDrive/Desktop/Topicos/BLOCKBUSTEC%20(6)/BLOCKBUSTECc/src/proyecto/Correo.java</file>
            <file>file:/C:/Users/emili/OneDrive/Desktop/Topicos/BLOCKBUSTEC%20(6)/BLOCKBUSTECc/src/proyecto/peliculas.png</file>
            <file>file:/C:/Users/emili/OneDrive/Desktop/Topicos/BLOCKBUSTEC%20(6)/BLOCKBUSTECc/src/proyecto/AdminPanel.java</file>
            <file>file:/C:/Users/emili/OneDrive/Desktop/Topicos/BLOCKBUSTEC%20(6)/BLOCKBUSTECc/src/proyecto/LogoPelicula.png</file>
            <file>file:/C:/Users/emili/OneDrive/Desktop/Topicos/BLOCKBUSTEC%20(6)/BLOCKBUSTECc/src/proyecto/Usuario.java</file>
            <file>file:/C:/Users/emili/OneDrive/Desktop/Topicos/BLOCKBUSTEC%20(6)/BLOCKBUSTECc/src/conexion/ConexionBD.java</file>
            <file>file:/C:/Users/emili/OneDrive/Desktop/Topicos/BLOCKBUSTEC%20(6)/BLOCKBUSTECc/src/proyecto/NuevaContra.java</file>
            <file>file:/C:/Users/emili/OneDrive/Desktop/Topicos/BLOCKBUSTEC%20(6)/BLOCKBUSTECc/src/proyecto/CatalogoPeliculas.java</file>
            <file>file:/C:/Users/emili/OneDrive/Desktop/Topicos/BLOCKBUSTEC%20(6)/BLOCKBUSTECc/src/proyecto/AdminUsuarios.java</file>
            <file>file:/C:/Users/emili/OneDrive/Desktop/Topicos/BLOCKBUSTEC%20(6)/BLOCKBUSTECc/src/proyecto/DetallePelicula.java</file>
        </group>
    </open-files>
</project-private>
